Researcher_Id,article_Id,rating
4,707,1
4,710,1
4,722,1
4,756,1
4,757,1
4,777,1
4,893,1
4,896,1
4,2589,1
4,2992,1
4,4974,1
4,5057,1
5,762,1
5,2679,1
5,4035,1
5,4036,1
5,5440,1
5,5495,1
5,5759,1
5,7799,1
5,9047,1
5,11878,1
5,11905,1
5,13251,1
7,3293,1
7,3580,1
7,3918,1
7,6248,1
7,6724,1
7,7493,1
7,7496,1
7,7500,1
7,8645,1
7,10224,1
7,11254,1
7,13407,1
8,1546,1
8,2527,1
8,5385,1
8,8899,1
8,9423,1
8,11106,1
8,11322,1
8,11547,1
8,12900,1
8,13588,1
15,375,1
15,2534,1
15,4080,1
15,4421,1
15,7030,1
15,7454,1
15,9534,1
15,9629,1
15,10738,1
15,12572,1
15,12682,1
15,13448,1
16,824,1
16,4180,1
16,6360,1
16,11641,1
16,12827,1
16,15114,1
16,15709,1
16,16046,1
16,16099,1
16,16320,1
17,221,1
17,886,1
17,1181,1
17,1182,1
17,2463,1
17,2636,1
17,2638,1
17,2795,1
17,3013,1
17,4284,1
17,5604,1
17,5850,1
17,8021,1
17,9223,1
17,10919,1
17,12202,1
17,13087,1
17,14023,1
17,15929,1
18,442,1
18,2720,1
18,2721,1
18,2722,1
18,2822,1
18,3482,1
18,3592,1
18,3822,1
18,3971,1
18,4140,1
18,4668,1
18,5702,1
18,6417,1
18,6573,1
18,7314,1
19,2465,1
19,3065,1
19,3615,1
19,4236,1
19,4630,1
19,4798,1
19,5837,1
19,5995,1
19,6864,1
19,9701,1
26,827,1
26,1142,1
26,1714,1
26,1721,1
26,1722,1
26,1833,1
26,1968,1
26,2160,1
26,2212,1
26,4882,1
26,4959,1
26,5551,1
26,5820,1
26,5896,1
26,7508,1
26,7555,1
26,7556,1
26,13082,1
29,227,1
29,1182,1
29,1214,1
29,1346,1
29,2217,1
29,3415,1
29,4344,1
29,5057,1
29,6545,1
29,7659,1
29,7828,1
30,1105,1
30,1193,1
30,1701,1
30,1916,1
30,1918,1
30,1975,1
30,2524,1
30,2610,1
30,3534,1
30,3667,1
30,6675,1
30,6928,1
30,7019,1
30,7520,1
30,9163,1
30,12521,1
32,619,1
32,753,1
32,3101,1
32,3735,1
32,4212,1
32,6178,1
32,8837,1
32,12879,1
32,13320,1
32,13899,1
32,14106,1
32,14135,1
32,14380,1
32,16203,1
33,2745,1
33,4989,1
33,5775,1
33,7546,1
33,8421,1
33,8505,1
33,8512,1
33,9165,1
33,9894,1
33,9967,1
33,10305,1
33,10389,1
33,10496,1
33,10606,1
33,11092,1
33,12256,1
37,1131,1
37,2270,1
37,3231,1
37,6414,1
37,9581,1
37,9689,1
37,10911,1
37,11237,1
37,11978,1
37,12294,1
39,2713,1
39,6326,1
39,12506,1
39,13259,1
39,13280,1
39,13535,1
39,14575,1
39,14630,1
39,14688,1
39,15760,1
39,16167,1
41,443,1
41,823,1
41,1248,1
41,2390,1
41,2420,1
41,2442,1
41,2654,1
41,3092,1
41,8117,1
41,8463,1
41,8734,1
41,9026,1
41,10099,1
41,11160,1
41,13743,1
57,706,1
57,2347,1
57,3537,1
57,5769,1
57,6784,1
57,6835,1
57,7642,1
57,8754,1
57,9056,1
57,9134,1
61,846,1
61,1105,1
61,1193,1
61,1204,1
61,1945,1
61,6731,1
61,11539,1
61,12384,1
61,14091,1
61,14367,1
61,14830,1
62,248,1
62,1666,1
62,6624,1
62,9825,1
62,10475,1
62,10580,1
62,10586,1
62,10845,1
62,11004,1
62,11922,1
64,149,1
64,918,1
64,938,1
64,1153,1
64,1904,1
64,1911,1
64,2058,1
64,2392,1
64,2540,1
64,2754,1
65,4118,1
65,4696,1
65,5727,1
65,9860,1
65,11611,1
65,11916,1
65,13181,1
65,13217,1
65,13443,1
65,14090,1
65,14098,1
65,14181,1
65,14279,1
65,14768,1
65,15704,1
65,15861,1
66,475,1
66,1768,1
66,2031,1
66,2449,1
66,3989,1
66,5647,1
66,5648,1
66,5685,1
66,7112,1
66,7566,1
66,9913,1
66,10040,1
66,11758,1
66,13009,1
66,13494,1
66,14735,1
66,15038,1
70,4858,1
70,7326,1
70,12466,1
70,14462,1
70,15083,1
70,15210,1
70,15311,1
70,15462,1
70,15736,1
70,15878,1
70,16147,1
70,16211,1
73,15,1
73,29,1
73,80,1
73,478,1
73,747,1
73,2779,1
73,4203,1
73,5412,1
73,6189,1
73,9579,1
73,10945,1
73,12391,1
73,15862,1
74,1091,1
74,2915,1
74,4087,1
74,5263,1
74,7637,1
74,7997,1
74,8153,1
74,8926,1
74,11889,1
74,11927,1
74,14577,1
74,16046,1
77,2165,1
77,2302,1
77,3886,1
77,4255,1
77,4794,1
77,5309,1
77,5312,1
77,9495,1
77,12210,1
77,13174,1
78,447,1
78,1887,1
78,2948,1
78,3019,1
78,3223,1
78,3343,1
78,4308,1
78,7919,1
78,8885,1
78,10486,1
78,11651,1
78,12200,1
78,12309,1
78,12358,1
80,999,1
80,2463,1
80,2789,1
80,2795,1
80,4686,1
80,7923,1
80,10306,1
80,11092,1
80,12482,1
80,13365,1
81,978,1
81,1812,1
81,3776,1
81,4478,1
81,5045,1
81,6222,1
81,6267,1
81,6670,1
81,6671,1
81,6672,1
82,831,1
82,857,1
82,865,1
82,2753,1
82,5262,1
82,5964,1
82,7514,1
82,8411,1
82,8859,1
82,9955,1
82,10687,1
82,11269,1
82,11270,1
82,11271,1
84,822,1
84,1204,1
84,2067,1
84,5262,1
84,8734,1
84,9889,1
84,11200,1
84,12075,1
84,12129,1
84,12716,1
86,329,1
86,930,1
86,1168,1
86,1210,1
86,1666,1
86,2389,1
86,3517,1
86,4687,1
86,7043,1
86,8879,1
86,8939,1
86,9656,1
86,9727,1
86,10032,1
89,681,1
89,1479,1
89,1934,1
89,2298,1
89,2986,1
89,2987,1
89,4224,1
89,7568,1
89,13048,1
89,14908,1
92,30,1
92,31,1
92,121,1
92,135,1
92,136,1
92,137,1
92,138,1
92,150,1
92,448,1
92,657,1
92,658,1
92,2266,1
92,2284,1
92,2316,1
92,2353,1
93,1701,1
93,1713,1
93,1932,1
93,2384,1
93,5744,1
93,6417,1
93,6420,1
93,6575,1
93,11867,1
93,12187,1
93,12255,1
93,13521,1
93,14103,1
99,381,1
99,656,1
99,1682,1
99,2342,1
99,2434,1
99,3617,1
99,4028,1
99,4080,1
99,4136,1
99,4332,1
99,5956,1
99,6265,1
99,7830,1
99,10036,1
99,10492,1
99,10645,1
99,10664,1
104,2054,1
104,4422,1
104,10088,1
104,10606,1
104,11201,1
104,11338,1
104,12424,1
104,13437,1
104,13875,1
104,13944,1
104,14392,1
104,14457,1
104,14554,1
104,15072,1
106,547,1
106,569,1
106,585,1
106,596,1
106,791,1
106,903,1
106,1332,1
106,1385,1
106,1410,1
106,1488,1
106,1979,1
106,2121,1
106,2122,1
106,2199,1
106,2454,1
106,2516,1
106,3652,1
107,8275,1
107,12446,1
107,14658,1
107,15317,1
107,15857,1
107,15951,1
107,16272,1
107,16380,1
107,16659,1
107,16734,1
107,16741,1
107,16777,1
107,16778,1
107,16832,1
107,16843,1
107,16978,1
110,50,1
110,55,1
110,491,1
110,1029,1
110,1051,1
110,1819,1
110,1853,1
110,1867,1
110,2526,1
110,5589,1
110,9580,1
111,1116,1
111,1158,1
111,2561,1
111,2567,1
111,2691,1
111,4175,1
111,6907,1
111,7823,1
111,7824,1
111,9333,1
111,11464,1
111,11468,1
112,107,1
112,3933,1
112,3942,1
112,3943,1
112,6413,1
112,6578,1
112,8523,1
112,9934,1
112,10171,1
112,10222,1
112,10691,1
112,10792,1
112,10945,1
112,11589,1
112,11590,1
112,12426,1
112,12457,1
112,12888,1
116,904,1
116,1161,1
116,1398,1
116,2306,1
116,2712,1
116,4492,1
116,5098,1
116,5869,1
116,6217,1
116,6470,1
116,6550,1
116,6896,1
116,8212,1
116,8218,1
116,8961,1
116,12396,1
116,13129,1
120,454,1
120,525,1
120,657,1
120,1877,1
120,2804,1
120,4732,1
120,4737,1
120,4738,1
120,4741,1
120,9456,1
121,427,1
121,2901,1
121,4485,1
121,7415,1
121,8029,1
121,8361,1
121,10858,1
121,12174,1
121,12934,1
121,13009,1
122,251,1
122,2241,1
122,3192,1
122,4962,1
122,5344,1
122,5509,1
122,8164,1
122,8860,1
122,9047,1
122,10359,1
122,11358,1
122,13438,1
122,15028,1
124,157,1
124,729,1
124,3114,1
124,4080,1
124,4447,1
124,5035,1
124,5770,1
124,9027,1
124,9359,1
124,9592,1
124,10645,1
126,666,1
126,2209,1
126,2228,1
126,3246,1
126,3691,1
126,5123,1
126,6099,1
126,6378,1
126,7628,1
126,8118,1
126,8607,1
126,8619,1
126,10527,1
126,11931,1
134,1047,1
134,2593,1
134,2993,1
134,3121,1
134,3666,1
134,3669,1
134,3878,1
134,4371,1
134,4582,1
134,4917,1
134,5873,1
134,6513,1
134,7055,1
134,8090,1
134,8741,1
134,9958,1
134,10200,1
138,251,1
138,503,1
138,762,1
138,1297,1
138,1306,1
138,1318,1
138,2241,1
138,4247,1
138,4650,1
138,5476,1
138,5505,1
138,11259,1
139,98,1
139,483,1
139,706,1
139,803,1
139,869,1
139,1027,1
139,1028,1
139,1105,1
139,1491,1
139,1498,1
139,1791,1
139,2406,1
139,2486,1
139,3369,1
139,5677,1
139,6270,1
139,6819,1
139,8588,1
140,659,1
140,829,1
140,831,1
140,832,1
140,853,1
140,854,1
140,855,1
140,856,1
140,857,1
140,858,1
140,859,1
140,860,1
140,861,1
140,862,1
140,863,1
140,864,1
140,865,1
142,747,1
142,1996,1
142,2081,1
142,2083,1
142,2967,1
142,5691,1
142,6385,1
142,6799,1
142,7673,1
142,9836,1
142,11203,1
143,109,1
143,1091,1
143,2165,1
143,4332,1
143,4350,1
143,5309,1
143,5312,1
143,9920,1
143,11772,1
143,12109,1
143,13549,1
146,8281,1
146,13021,1
146,14647,1
146,14664,1
146,15018,1
146,15404,1
146,15746,1
146,15773,1
146,15823,1
146,15848,1
146,15872,1
146,15884,1
147,281,1
147,286,1
147,381,1
147,568,1
147,2801,1
147,3982,1
147,4586,1
147,5781,1
147,8699,1
147,9760,1
151,2052,1
151,2915,1
151,6295,1
151,11256,1
151,11889,1
151,12765,1
151,14195,1
151,14809,1
151,15114,1
151,16354,1
152,1028,1
152,1095,1
152,1165,1
152,1210,1
152,4859,1
152,5712,1
152,6775,1
152,7043,1
152,9530,1
152,10105,1
152,10159,1
152,11172,1
153,2395,1
153,2563,1
153,2569,1
153,2806,1
153,5689,1
153,7565,1
153,8092,1
153,11096,1
153,11402,1
153,11413,1
153,13279,1
153,13784,1
153,13900,1
153,14276,1
153,14732,1
153,14999,1
154,445,1
154,2490,1
154,7263,1
154,8015,1
154,9672,1
154,10637,1
154,11206,1
154,11662,1
154,11769,1
154,12203,1
154,12277,1
154,12292,1
154,14451,1
154,14892,1
156,50,1
156,55,1
156,210,1
156,246,1
156,253,1
156,277,1
156,426,1
156,428,1
156,429,1
156,1872,1
156,14476,1
158,2786,1
158,4284,1
158,4357,1
158,6295,1
158,7487,1
158,10044,1
158,10151,1
158,10963,1
158,11213,1
158,11813,1
158,12482,1
158,12690,1
160,16,1
160,1475,1
160,2740,1
160,4033,1
160,5313,1
160,6342,1
160,6851,1
160,8852,1
160,9310,1
160,10020,1
160,10160,1
160,11543,1
162,4839,1
162,14683,1
162,14855,1
162,16529,1
162,16600,1
162,16646,1
162,16652,1
162,16758,1
162,16762,1
162,16794,1
164,24,1
164,747,1
164,821,1
164,844,1
164,850,1
164,1477,1
164,1996,1
164,2083,1
164,2293,1
164,2299,1
164,2471,1
164,3133,1
164,3159,1
164,6348,1
164,9060,1
164,9534,1
165,213,1
165,2536,1
165,2903,1
165,4449,1
165,7340,1
165,7826,1
165,8324,1
165,8793,1
165,8800,1
165,12353,1
166,768,1
166,1674,1
166,1738,1
166,4649,1
166,5099,1
166,5681,1
166,6051,1
166,9131,1
166,10164,1
166,13192,1
166,13440,1
166,13872,1
166,14503,1
166,15198,1
166,15310,1
166,15358,1
166,15458,1
166,16163,1
166,16476,1
167,1141,1
167,1548,1
167,4619,1
167,4623,1
167,4627,1
167,5843,1
167,6001,1
167,6756,1
167,6845,1
167,7615,1
167,7616,1
167,7858,1
167,8792,1
167,8930,1
167,9235,1
167,10288,1
167,11526,1
167,12469,1
167,15912,1
171,1920,1
171,2300,1
171,2690,1
171,2759,1
171,3090,1
171,3349,1
171,3350,1
171,3352,1
171,3609,1
171,7168,1
172,332,1
172,545,1
172,648,1
172,740,1
172,4850,1
172,6885,1
172,7692,1
172,8734,1
172,8781,1
172,9424,1
172,10065,1
173,76,1
173,937,1
173,2986,1
173,3982,1
173,4741,1
173,5035,1
173,7136,1
173,7535,1
173,7673,1
173,7764,1
173,7923,1
173,8159,1
173,8161,1
173,8238,1
173,8421,1
173,8954,1
173,10002,1
175,897,1
175,1723,1
175,2449,1
175,3557,1
175,5691,1
175,5762,1
175,7102,1
175,7110,1
175,7111,1
175,7112,1
175,7113,1
175,10673,1
175,11676,1
176,707,1
176,1025,1
176,1278,1
176,1284,1
176,1335,1
176,1351,1
176,2202,1
176,3012,1
176,3674,1
176,4071,1
176,9442,1
176,10383,1
176,11951,1
176,14737,1
176,15378,1
176,15683,1
178,1131,1
178,1470,1
178,1930,1
178,2247,1
178,3090,1
178,4886,1
178,4990,1
178,5553,1
178,5554,1
178,5555,1
178,8472,1
178,11517,1
180,1739,1
180,2624,1
180,3054,1
180,3134,1
180,3354,1
180,4442,1
180,4443,1
180,10323,1
180,10541,1
180,10581,1
180,11859,1
180,12130,1
180,12148,1
180,12152,1
180,12159,1
180,12175,1
180,12181,1
185,213,1
185,2878,1
185,2903,1
185,4138,1
185,4577,1
185,5340,1
185,6301,1
185,7001,1
185,7002,1
185,8324,1
187,918,1
187,4235,1
187,7054,1
187,8393,1
187,9713,1
187,10606,1
187,12564,1
187,12572,1
187,13365,1
187,14178,1
189,989,1
189,2169,1
189,5962,1
189,6444,1
189,7325,1
189,7607,1
189,9211,1
189,9330,1
189,9762,1
189,9764,1
189,9767,1
189,9768,1
189,9869,1
189,10710,1
190,1091,1
190,1196,1
190,1232,1
190,1830,1
190,1920,1
190,2092,1
190,2692,1
190,3052,1
190,3294,1
190,4913,1
190,5089,1
190,5314,1
190,5404,1
190,5824,1
190,6197,1
190,7210,1
192,451,1
192,573,1
192,876,1
192,949,1
192,1039,1
192,1243,1
192,2450,1
192,2451,1
192,2452,1
192,2453,1
194,822,1
194,864,1
194,1961,1
194,2688,1
194,3989,1
194,5049,1
194,6085,1
194,7744,1
194,8592,1
194,9031,1
194,9137,1
194,11715,1
194,12396,1
194,13010,1
197,1330,1
197,1754,1
197,1766,1
197,3105,1
197,3835,1
197,4720,1
197,6328,1
197,6690,1
197,8225,1
197,8888,1
197,9110,1
197,9617,1
197,10021,1
199,1713,1
199,3592,1
199,3847,1
199,4140,1
199,4563,1
199,4621,1
199,5026,1
199,5225,1
199,5992,1
199,6417,1
199,6848,1
199,6849,1
199,7837,1
199,9843,1
199,9844,1
204,778,1
204,1178,1
204,2228,1
204,3246,1
204,10467,1
204,10924,1
204,12576,1
204,12812,1
204,12881,1
204,15102,1
204,15112,1
204,15691,1
211,336,1
211,915,1
211,2008,1
211,2054,1
211,2057,1
211,2326,1
211,2716,1
211,2743,1
211,3133,1
211,3880,1
211,4081,1
211,4930,1
211,7490,1
211,7673,1
211,7681,1
211,9046,1
211,10044,1
211,10759,1
211,13268,1
219,28,1
219,1214,1
219,3784,1
219,4738,1
219,4739,1
219,7037,1
219,8090,1
219,8096,1
219,9791,1
219,10602,1
219,12110,1
224,437,1
224,454,1
224,1175,1
224,1193,1
224,1199,1
224,2222,1
224,2241,1
224,2399,1
224,3711,1
224,4182,1
224,5430,1
224,5608,1
224,6067,1
224,7448,1
224,7625,1
224,7731,1
224,8181,1
224,9753,1
224,9755,1
226,51,1
226,91,1
226,1562,1
226,3976,1
226,4016,1
226,10663,1
226,12683,1
226,12685,1
226,13143,1
226,13379,1
226,13569,1
226,13957,1
226,13966,1
226,14984,1
229,16,1
229,51,1
229,228,1
229,440,1
229,1006,1
229,1543,1
229,1591,1
229,1633,1
229,1699,1
229,7366,1
229,9139,1
229,9145,1
229,10250,1
229,10622,1
229,12977,1
230,831,1
230,839,1
230,857,1
230,2001,1
230,2681,1
230,2682,1
230,2692,1
230,2772,1
230,2966,1
230,3593,1
230,7422,1
230,7973,1
230,10410,1
230,13796,1
230,15434,1
232,897,1
232,1723,1
232,2449,1
232,3557,1
232,5691,1
232,5762,1
232,7102,1
232,7110,1
232,7111,1
232,7112,1
232,7113,1
233,2312,1
233,3798,1
233,4416,1
233,4436,1
233,6998,1
233,8174,1
233,8175,1
233,8395,1
233,8541,1
233,8542,1
233,8674,1
233,8675,1
233,8676,1
233,8678,1
233,8679,1
233,8680,1
233,8681,1
233,8686,1
235,513,1
235,2643,1
235,3333,1
235,4558,1
235,5607,1
235,5723,1
235,6433,1
235,6529,1
235,6705,1
235,6716,1
235,9679,1
235,11037,1
235,11697,1
235,12016,1
236,4661,1
236,8818,1
236,8944,1
236,8989,1
236,10574,1
236,12273,1
236,12493,1
236,13805,1
236,16046,1
236,16948,1
238,12775,1
238,14716,1
238,15290,1
238,15324,1
238,15325,1
238,15583,1
238,15800,1
238,15857,1
238,15883,1
238,16008,1
238,16223,1
238,16502,1
238,16515,1
239,639,1
239,2767,1
239,4940,1
239,5409,1
239,7185,1
239,7431,1
239,7631,1
239,9013,1
239,9101,1
239,10113,1
239,10925,1
239,10953,1
239,11687,1
239,12067,1
239,12321,1
239,12647,1
239,12795,1
240,1700,1
240,4145,1
240,7698,1
240,11310,1
240,11825,1
240,12707,1
240,13407,1
240,13925,1
240,14013,1
240,14476,1
241,87,1
241,1431,1
241,2506,1
241,3353,1
241,4431,1
241,5775,1
241,5855,1
241,6128,1
241,6193,1
241,6281,1
241,7599,1
241,8442,1
241,8761,1
241,14810,1
242,1919,1
242,1920,1
242,2217,1
242,3051,1
242,3809,1
242,4349,1
242,5323,1
242,6354,1
242,8282,1
242,8774,1
242,12854,1
242,13286,1
242,13967,1
242,14719,1
245,126,1
245,360,1
245,756,1
245,926,1
245,1425,1
245,2817,1
245,8237,1
245,8722,1
245,9359,1
245,10607,1
245,11092,1
245,12653,1
250,897,1
250,947,1
250,1477,1
250,1929,1
250,1994,1
250,2326,1
250,2626,1
250,2744,1
250,3002,1
250,3130,1
250,3270,1
250,3767,1
250,3907,1
250,3908,1
250,7153,1
250,7181,1
250,7232,1
250,8082,1
250,8755,1
254,1738,1
254,3089,1
254,5681,1
254,5682,1
254,7378,1
254,12990,1
254,13079,1
254,13192,1
254,14231,1
254,14369,1
254,14416,1
254,14499,1
254,14783,1
254,15008,1
254,15187,1
254,15413,1
254,16286,1
255,271,1
255,791,1
255,4934,1
255,7769,1
255,9258,1
255,10525,1
255,10849,1
255,12340,1
255,12792,1
255,13024,1
255,13248,1
255,14275,1
255,14533,1
255,14835,1
255,15145,1
255,16457,1
256,4,1
256,4872,1
256,7256,1
256,9229,1
256,9794,1
256,10273,1
256,10663,1
256,11695,1
256,11968,1
256,14289,1
256,16298,1
257,5162,1
257,9044,1
257,9558,1
257,9594,1
257,9604,1
257,10333,1
257,10362,1
257,10387,1
257,10388,1
257,10776,1
260,1180,1
260,1484,1
260,1965,1
260,2179,1
260,2180,1
260,3348,1
260,3378,1
260,3586,1
260,4070,1
260,4327,1
260,4824,1
260,4825,1
260,5874,1
260,7354,1
260,7355,1
260,7939,1
260,10833,1
260,12168,1
260,13264,1
262,295,1
262,901,1
262,903,1
262,1899,1
262,3188,1
262,3295,1
262,4556,1
262,5585,1
262,6351,1
262,6440,1
262,7431,1
262,7445,1
262,7510,1
262,9277,1
263,29,1
263,667,1
263,2294,1
263,2394,1
263,2564,1
263,5249,1
263,5564,1
263,5660,1
263,5730,1
263,6030,1
263,7565,1
263,7573,1
263,10302,1
263,10914,1
263,11286,1
264,149,1
264,702,1
264,1431,1
264,2056,1
264,2510,1
264,2919,1
264,4485,1
264,5924,1
264,6327,1
264,7301,1
264,7393,1
264,8282,1
264,9181,1
264,9273,1
264,9978,1
264,11607,1
266,1945,1
266,3971,1
266,5313,1
266,5978,1
266,9848,1
266,10521,1
266,13056,1
266,13799,1
266,15030,1
266,16321,1
267,4180,1
267,7648,1
267,8228,1
267,10892,1
267,13996,1
267,14608,1
267,14878,1
267,15048,1
267,15087,1
267,15359,1
267,15678,1
267,16044,1
267,16046,1
267,16319,1
267,16789,1
268,610,1
268,623,1
268,625,1
268,628,1
268,726,1
268,727,1
268,938,1
268,1174,1
268,1724,1
268,3754,1
268,6695,1
268,7433,1
268,7636,1
268,7791,1
268,9625,1
268,12134,1
268,12163,1
271,1105,1
271,1176,1
271,1185,1
271,2212,1
271,2241,1
271,3920,1
271,4821,1
271,4823,1
271,5340,1
271,5461,1
271,5871,1
271,6335,1
271,6409,1
271,7340,1
271,7793,1
271,8277,1
271,8371,1
271,8373,1
271,9622,1
275,1718,1
275,2875,1
275,4644,1
275,4810,1
275,5114,1
275,5176,1
275,6438,1
275,6525,1
275,8497,1
275,14397,1
275,15186,1
275,15904,1
277,29,1
277,381,1
277,1477,1
277,4424,1
277,4426,1
277,4427,1
277,4428,1
277,4433,1
277,4438,1
277,4441,1
277,4734,1
277,4736,1
277,8409,1
277,11664,1
279,4180,1
279,6989,1
279,7176,1
279,9518,1
279,9685,1
279,14065,1
279,14503,1
279,16042,1
279,16163,1
279,16507,1
279,16707,1
279,16712,1
279,16831,1
279,16868,1
279,16873,1
281,671,1
281,690,1
281,691,1
281,692,1
281,875,1
281,4536,1
281,4581,1
281,5040,1
281,7011,1
281,7169,1
281,9553,1
281,10082,1
282,768,1
282,1674,1
282,6358,1
282,7905,1
282,10126,1
282,10284,1
282,10999,1
282,11149,1
282,11198,1
282,12433,1
282,13887,1
283,448,1
283,616,1
283,883,1
283,1265,1
283,2052,1
283,2351,1
283,2359,1
283,2830,1
283,2915,1
283,5029,1
283,5774,1
283,6019,1
283,6348,1
283,6631,1
283,7895,1
283,8237,1
283,8238,1
283,8356,1
283,9104,1
286,889,1
286,1788,1
286,1838,1
286,2113,1
286,3967,1
286,4003,1
286,4010,1
286,7584,1
286,8864,1
286,12895,1
286,13431,1
288,213,1
288,2878,1
288,2903,1
288,4138,1
288,4577,1
288,5340,1
288,6301,1
288,7001,1
288,7002,1
288,8324,1
289,16,1
289,27,1
289,1522,1
289,1558,1
289,1569,1
289,1589,1
289,1638,1
289,3205,1
289,9774,1
289,13205,1
289,15353,1
289,15750,1
289,16267,1
289,16291,1
289,16491,1
291,32,1
291,270,1
291,587,1
291,1571,1
291,1631,1
291,2827,1
291,3338,1
291,6950,1
291,7053,1
291,7115,1
291,7116,1
291,7635,1
291,10134,1
291,11147,1
291,12576,1
293,560,1
293,4252,1
293,4253,1
293,4256,1
293,4257,1
293,4258,1
293,4259,1
293,4263,1
293,4612,1
293,4655,1
293,10405,1
293,10524,1
293,10661,1
293,10798,1
293,13979,1
295,868,1
295,2145,1
295,3072,1
295,3405,1
295,3596,1
295,3801,1
295,4019,1
295,4036,1
295,5919,1
295,5920,1
295,6417,1
295,6573,1
295,6848,1
295,6849,1
295,7837,1
295,7838,1
295,8587,1
295,8601,1
297,3742,1
297,3777,1
297,6295,1
297,10955,1
297,11965,1
297,12191,1
297,12192,1
297,13944,1
297,14151,1
297,14227,1
298,3650,1
298,8818,1
298,8944,1
298,8945,1
298,8989,1
298,8990,1
298,10788,1
298,12493,1
298,13805,1
298,14243,1
300,330,1
300,521,1
300,1670,1
300,5729,1
300,6952,1
300,8134,1
300,8802,1
300,11701,1
300,13935,1
300,14145,1
302,2580,1
302,2823,1
302,3772,1
302,4293,1
302,5591,1
302,7353,1
302,7903,1
302,9951,1
302,10010,1
302,10844,1
304,1701,1
304,2429,1
304,4315,1
304,5754,1
304,6976,1
304,7150,1
304,7307,1
304,7499,1
304,7500,1
304,7501,1
304,7721,1
304,8469,1
309,398,1
309,582,1
309,583,1
309,2883,1
309,2886,1
309,2887,1
309,2888,1
309,2889,1
309,3671,1
309,3945,1
314,2713,1
314,2921,1
314,3257,1
314,4809,1
314,5539,1
314,5951,1
314,6550,1
314,7887,1
314,8517,1
314,8522,1
314,10129,1
314,12572,1
315,9104,1
315,9967,1
315,10606,1
315,12191,1
315,12192,1
315,12564,1
315,12841,1
315,12843,1
315,13327,1
315,13365,1
315,13444,1
315,13482,1
315,14178,1
318,360,1
318,522,1
318,922,1
318,934,1
318,3674,1
318,4631,1
318,5268,1
318,5950,1
318,6232,1
318,9751,1
318,11724,1
318,13342,1
319,17,1
319,77,1
319,227,1
319,883,1
319,1037,1
319,2470,1
319,5111,1
319,9940,1
319,11059,1
319,11099,1
320,51,1
320,206,1
320,419,1
320,1542,1
320,1649,1
320,4068,1
320,5692,1
320,7452,1
320,7703,1
320,9115,1
320,9891,1
320,10276,1
320,10392,1
320,10398,1
320,11041,1
320,11265,1
320,12081,1
323,4967,1
323,5707,1
323,5737,1
323,6317,1
323,6341,1
323,6358,1
323,6510,1
323,8064,1
323,8208,1
323,8232,1
323,9558,1
323,9885,1
323,10307,1
323,10347,1
323,10350,1
323,10470,1
323,11860,1
324,4139,1
324,5164,1
324,7332,1
324,7789,1
324,8635,1
324,8642,1
324,8649,1
324,9281,1
324,10119,1
324,10494,1
328,793,1
328,2490,1
328,9104,1
328,9967,1
328,10606,1
328,10877,1
328,11329,1
328,12448,1
328,12841,1
328,12843,1
328,13327,1
328,13444,1
328,14019,1
328,14035,1
328,14178,1
328,14491,1
331,212,1
331,1137,1
331,1930,1
331,2018,1
331,2119,1
331,3143,1
331,3626,1
331,4003,1
331,4008,1
331,4013,1
331,5159,1
331,7584,1
331,7586,1
331,8068,1
335,4180,1
335,8944,1
335,12245,1
335,14989,1
335,15114,1
335,15869,1
335,15876,1
335,15959,1
335,15985,1
335,15996,1
335,16251,1
335,16275,1
335,16295,1
335,16296,1
336,1178,1
336,1666,1
336,3378,1
336,4070,1
336,4824,1
336,6219,1
336,6644,1
336,9211,1
336,9654,1
336,9767,1
336,9974,1
336,10066,1
336,10369,1
336,15169,1
337,2490,1
337,3429,1
337,3523,1
337,12420,1
337,14023,1
337,14363,1
337,14673,1
337,15153,1
337,15641,1
337,15802,1
338,237,1
338,535,1
338,649,1
338,877,1
338,1718,1
338,2021,1
338,2447,1
338,3604,1
338,4644,1
338,8344,1
338,9160,1
338,9201,1
338,9373,1
338,9569,1
338,9570,1
338,10775,1
338,12368,1
345,1214,1
345,1348,1
345,2971,1
345,3607,1
345,6076,1
345,6613,1
345,8095,1
345,8407,1
345,8491,1
345,8911,1
345,10556,1
345,10557,1
345,11328,1
345,11525,1
345,11528,1
345,11748,1
345,11918,1
345,12188,1
345,16025,1
347,281,1
347,321,1
347,599,1
347,2788,1
347,2984,1
347,3116,1
347,3639,1
347,8111,1
347,8699,1
347,9547,1
349,129,1
349,391,1
349,773,1
349,4159,1
349,5751,1
349,6819,1
349,9670,1
349,13901,1
349,15569,1
349,15611,1
352,506,1
352,763,1
352,1043,1
352,3411,1
352,3727,1
352,4325,1
352,4953,1
352,5038,1
352,5364,1
352,6106,1
352,6674,1
352,12106,1
353,2986,1
353,3054,1
353,4081,1
353,4207,1
353,7232,1
353,7673,1
353,8522,1
353,10002,1
353,11101,1
353,13195,1
353,14133,1
354,2915,1
354,7212,1
354,7216,1
354,7446,1
354,8953,1
354,10248,1
354,11922,1
354,11960,1
354,11961,1
354,12264,1
358,3368,1
358,5162,1
358,9229,1
358,14502,1
358,14884,1
358,15344,1
358,15927,1
358,16026,1
358,16297,1
358,16450,1
358,16619,1
359,145,1
359,1212,1
359,1744,1
359,2324,1
359,3219,1
359,3427,1
359,4946,1
359,5585,1
359,6208,1
359,6209,1
359,6230,1
359,6440,1
359,6853,1
359,7311,1
359,7315,1
359,7726,1
360,4353,1
360,4355,1
360,4357,1
360,7263,1
360,10698,1
360,12690,1
360,13259,1
360,13535,1
360,13815,1
360,14136,1
360,15072,1
360,15267,1
360,15715,1
360,15716,1
365,24,1
365,2795,1
365,5035,1
365,8832,1
365,8908,1
365,9104,1
365,9165,1
365,9894,1
365,12214,1
365,13483,1
365,13785,1
366,648,1
366,1371,1
366,1723,1
366,3746,1
366,5411,1
366,6088,1
366,7113,1
366,8923,1
366,9292,1
366,10245,1
366,12402,1
366,12721,1
368,889,1
368,1091,1
368,1914,1
368,2247,1
368,2522,1
368,2524,1
368,3920,1
368,4131,1
368,4132,1
368,7425,1
368,7925,1
368,11987,1
370,798,1
370,956,1
370,5583,1
370,8132,1
370,9111,1
370,9554,1
370,9918,1
370,12012,1
370,12628,1
370,13919,1
370,13937,1
373,5328,1
373,7544,1
373,7686,1
373,8390,1
373,8391,1
373,9468,1
373,9545,1
373,10744,1
373,12171,1
373,13312,1
373,14025,1
373,14166,1
373,15491,1
373,15652,1
374,451,1
374,657,1
374,2446,1
374,5332,1
374,7111,1
374,7841,1
374,8091,1
374,9978,1
374,10378,1
374,10838,1
374,12731,1
375,1204,1
375,2171,1
375,2179,1
375,2180,1
375,2216,1
375,3586,1
375,7355,1
375,7652,1
375,8320,1
375,9125,1
375,9292,1
379,76,1
379,97,1
379,2001,1
379,2124,1
379,2754,1
379,3640,1
379,3804,1
379,5186,1
379,6799,1
379,10694,1
379,13511,1
382,1920,1
382,1924,1
382,4677,1
382,6346,1
382,7651,1
382,13980,1
382,14566,1
382,14773,1
382,14916,1
382,15013,1
382,15676,1
382,16288,1
385,208,1
385,484,1
385,531,1
385,631,1
385,747,1
385,839,1
385,2412,1
385,2467,1
385,3184,1
385,3185,1
385,3186,1
385,3310,1
387,478,1
387,2789,1
387,2795,1
387,3931,1
387,11003,1
387,11329,1
387,12206,1
387,13011,1
387,14878,1
387,15095,1
388,1443,1
388,3797,1
388,3839,1
388,5687,1
388,5724,1
388,5735,1
388,5964,1
388,6675,1
388,7170,1
388,7892,1
388,8242,1
388,8766,1
388,8881,1
388,8917,1
388,9702,1
388,9703,1
388,14128,1
390,335,1
390,7786,1
390,8879,1
390,10001,1
390,12627,1
390,13503,1
390,13794,1
390,13913,1
390,14275,1
390,14701,1
390,14872,1
390,15071,1
393,3255,1
393,4925,1
393,9599,1
393,10591,1
393,12331,1
393,12933,1
393,13029,1
393,13411,1
393,13994,1
393,14120,1
393,15646,1
393,16786,1
396,6841,1
396,7972,1
396,8126,1
396,8831,1
396,9067,1
396,11903,1
396,12954,1
396,13489,1
396,13908,1
396,13909,1
396,14118,1
396,14675,1
396,14876,1
396,15285,1
398,950,1
398,951,1
398,952,1
398,957,1
398,2917,1
398,5758,1
398,6046,1
398,7351,1
398,7375,1
398,9547,1
398,11081,1
398,12695,1
399,6827,1
399,9514,1
399,10877,1
399,12280,1
399,12470,1
399,13114,1
399,13219,1
399,13535,1
399,14575,1
399,15387,1
400,4180,1
400,4368,1
400,5162,1
400,5613,1
400,6968,1
400,9606,1
400,9819,1
400,14608,1
400,15359,1
400,15441,1
400,16046,1
400,16183,1
400,16642,1
400,16737,1
400,16753,1
401,1066,1
401,1759,1
401,1771,1
401,1863,1
401,1981,1
401,3063,1
401,3272,1
401,4323,1
401,5130,1
401,5926,1
401,5949,1
401,6450,1
401,6645,1
401,6663,1
401,6664,1
401,6665,1
401,6666,1
401,6667,1
405,1101,1
405,1346,1
405,1817,1
405,1938,1
405,2217,1
405,2307,1
405,3197,1
405,3809,1
405,4021,1
405,6618,1
405,8037,1
405,8458,1
405,8459,1
405,9758,1
412,278,1
412,1355,1
412,2167,1
412,4336,1
412,5142,1
412,8196,1
412,9292,1
412,10853,1
412,12695,1
412,13054,1
412,14109,1
412,15628,1
412,16238,1
412,16245,1
412,16389,1
413,2473,1
413,4286,1
413,9879,1
413,12454,1
413,14411,1
413,14437,1
413,14809,1
413,15086,1
413,15246,1
413,15506,1
413,15579,1
413,15843,1
414,151,1
414,207,1
414,224,1
414,379,1
414,407,1
414,505,1
414,506,1
414,1398,1
414,1988,1
414,2106,1
414,2671,1
414,5528,1
414,5720,1
414,7563,1
414,7897,1
414,9956,1
414,13115,1
417,110,1
417,2630,1
417,8878,1
417,11568,1
417,12574,1
417,12827,1
417,14516,1
417,15013,1
417,15186,1
417,15325,1
417,15346,1
417,15383,1
417,15521,1
417,15893,1
417,15971,1
418,844,1
418,1118,1
418,1433,1
418,1923,1
418,2713,1
418,3262,1
418,3303,1
418,3387,1
418,3628,1
418,5263,1
418,5264,1
418,5265,1
418,5266,1
418,5267,1
419,2362,1
419,3904,1
419,5352,1
419,5644,1
419,6269,1
419,7190,1
419,7900,1
419,8853,1
419,9049,1
419,10182,1
419,11556,1
419,11751,1
421,1443,1
421,1771,1
421,1938,1
421,2247,1
421,3293,1
421,4188,1
421,4582,1
421,4959,1
421,5333,1
421,6315,1
421,6648,1
421,7521,1
421,8589,1
421,9343,1
421,12480,1
424,838,1
424,846,1
424,923,1
424,1162,1
424,1204,1
424,1205,1
424,1224,1
424,2204,1
424,2486,1
424,8416,1
424,10046,1
424,10694,1
425,244,1
425,1021,1
425,2463,1
425,2490,1
425,3574,1
425,3783,1
425,4774,1
425,4842,1
425,10087,1
425,11204,1
425,12206,1
425,12331,1
430,237,1
430,629,1
430,656,1
430,808,1
430,3782,1
430,4138,1
430,5080,1
430,5299,1
430,9791,1
430,14566,1
430,14773,1
430,14916,1
431,282,1
431,656,1
431,815,1
431,2339,1
431,2798,1
431,2799,1
431,3687,1
431,3956,1
431,4269,1
431,4462,1
431,4581,1
431,4801,1
431,4803,1
433,979,1
433,2722,1
433,3847,1
433,6064,1
433,6676,1
433,7869,1
433,8746,1
433,8791,1
433,8899,1
433,9030,1
433,10149,1
433,10885,1
433,11649,1
433,13413,1
433,14249,1
433,14609,1
433,15017,1
433,15037,1
435,3617,1
435,3648,1
435,5912,1
435,6652,1
435,6978,1
435,8874,1
435,9601,1
435,10911,1
435,10912,1
435,11712,1
435,13026,1
438,2815,1
438,2827,1
438,4967,1
438,6373,1
438,8788,1
438,9690,1
438,12008,1
438,12523,1
438,12834,1
438,13596,1
438,13610,1
438,14051,1
438,14656,1
440,1811,1
440,2766,1
440,3121,1
440,3674,1
440,4198,1
440,5812,1
440,7171,1
440,7827,1
440,8813,1
440,8918,1
440,9682,1
440,9814,1
440,10033,1
440,13205,1
440,14320,1
441,1210,1
441,1666,1
441,4070,1
441,5574,1
441,6174,1
441,6230,1
441,7137,1
441,7607,1
441,7608,1
441,7994,1
441,9120,1
441,9134,1
441,9211,1
441,9236,1
441,9237,1
441,9510,1
441,10608,1
441,11504,1
442,1399,1
442,1538,1
442,1539,1
442,2999,1
442,5345,1
442,5445,1
442,5967,1
442,8890,1
442,9684,1
442,10355,1
442,11594,1
442,12333,1
442,12527,1
443,2153,1
443,2216,1
443,4114,1
443,5755,1
443,6219,1
443,6405,1
443,7290,1
443,7447,1
443,9624,1
443,10328,1
443,11361,1
445,845,1
445,1709,1
445,1710,1
445,1711,1
445,1712,1
445,1713,1
445,1714,1
445,1715,1
445,1716,1
445,2740,1
447,2263,1
447,2510,1
447,2689,1
447,3787,1
447,5771,1
447,6762,1
447,7211,1
447,7458,1
447,7637,1
447,7707,1
447,10549,1
447,10665,1
447,10669,1
451,1131,1
451,1204,1
451,1431,1
451,3514,1
451,4849,1
451,8809,1
451,9448,1
451,9835,1
451,10295,1
451,11224,1
451,12964,1
451,14244,1
452,398,1
452,582,1
452,583,1
452,2883,1
452,2886,1
452,2887,1
452,2888,1
452,2889,1
452,3671,1
452,3945,1
453,2943,1
453,6137,1
453,6738,1
453,7135,1
453,11047,1
453,16436,1
453,16568,1
453,16667,1
453,16737,1
453,16753,1
454,3998,1
454,4026,1
454,5428,1
454,8771,1
454,12808,1
454,12914,1
454,13272,1
454,13524,1
454,13733,1
454,14082,1
454,14083,1
454,14774,1
457,1192,1
457,1204,1
457,1205,1
457,1251,1
457,4985,1
457,5832,1
457,6102,1
457,6945,1
457,7026,1
457,10270,1
457,10440,1
457,10831,1
457,13584,1
458,954,1
458,955,1
458,971,1
458,972,1
458,973,1
458,2903,1
458,2949,1
458,2950,1
458,3753,1
458,4001,1
458,4002,1
458,4076,1
458,4138,1
458,5275,1